CODE_COMMUNE,CODE_EPCI
01001,200069193
01002,240100883
01004,240100883
01005,200042497
01006,200040350
01007,240100883
01008,240100883
01009,200040350
01010,200070852
01011,200042935
01012,200042935
01013,240100883
01014,200042935
01015,200040350
01016,200071371
01017,240100883
01019,200040350
01021,200042497
01022,200040350
01023,200071371
01024,200071751
01025,200071371
01026,200071371
01027,240100610
01028,200069193
01029,200071751
01030,200042497
01031,200042935
01032,240100610
01033,240100891
01034,200040350
01035,200042935
01036,200040350
01037,240100883
01038,200071751
01040,200071751
01041,240100883
01042,200070555
01043,240100800
01044,240100891
01045,200069193
01046,200070555
01047,240100883
01049,240100610
01050,200071371
01051,200042935
01052,200069193
01053,200071751
01054,240100883
01056,200029999
01057,200071371
01058,200040350
01060,200042935
01061,200040350
01062,240100610
01063,200042935
01064,240100883
01065,200071751
01066,200040350
01067,200042935
01068,200029999
01069,200071751
01071,240100750
01072,200071751
01073,200040350
01074,200069193
01075,200070118
01076,240100883
01077,200029999
01078,240100750
01079,200040350
01080,200042935
01081,240100891
01082,240100891
01083,200069193
01084,200070555
01085,200069193
01087,200042935
01088,240100883
01089,240100883
01090,200069193
01092,200069193
01093,200069193
01094,200071371
01095,200071751
01096,200070555
01098,200040350
01099,240100883
01100,200040350
01101,200042935
01102,200071371
01103,240100750
01104,240100750
01105,200042497
01106,200071751
01107,240100883
01108,200071751
01109,240100750
01110,200040350
01111,240100883
01112,200042935
01113,200069193
01114,240100891
01115,200071751
01116,200040350
01117,200040350
01118,200070852
01121,200042935
01123,200070555
01124,200071751
01125,200071751
01127,200071751
01128,200071751
01129,200069193
01130,200071751
01133,200040350
01134,200070555
01135,240100750
01136,200070555
01138,200040350
01139,200071751
01140,200071751
01141,200040350
01142,240100610
01143,240100750
01145,200071751
01146,200069193
01147,200071751
01148,200042935
01149,240100883
01150,200071751
01151,200071751
01152,200042935
01153,240100750
01155,200042935
01156,240100883
01157,200042497
01158,240100750
01159,200071371
01160,240100750
01162,200040350
01163,200071751
01165,200070118
01166,200042497
01167,200070118
01169,200070118
01170,200042935
01171,200042935
01173,240100750
01174,240100891
01175,200071371
01177,200071751
01179,200070555
01180,240100750
01181,200042935
01183,200070118
01184,200071751
01185,200042935
01187,200040350
01188,200070118
01189,240100891
01190,240100883
01191,200042935
01192,200042935
01193,200040350
01194,200040590
01195,200071751
01196,200071751
01197,200071751
01198,240100883
01199,200029999
01200,200029999
01202,240100883
01203,200070555
01204,200042935
01206,200042935
01207,200069193
01208,200040350
01209,240100750
01210,240100750
01211,200071751
01212,200071751
01213,240100883
01214,200042935
01215,240100891
01216,240100883
01219,240100883
01224,240100883
01225,200070118
01227,200040350
01228,200042935
01229,200071751
01230,200071751
01231,200071371
01232,200071751
01233,240100883
01234,200040350
01235,200069193
01236,200071751
01237,200042935
01238,200042497
01239,200040350
01240,200042935
01241,200071751
01242,200029999
01243,200070118
01244,240100883
01245,200071751
01246,200070555
01247,240100750
01248,200069193
01249,240100800
01250,200042497
01252,200070118
01254,200071751
01255,240100883
01257,240100891
01258,200070118
01259,200071751
01260,240100883
01261,200069193
01262,240100610
01263,200070118
01264,200071751
01265,200042935
01266,200071751
01267,200042935
01268,200040350
01269,200042935
01272,200069193
01273,200029999
01274,200042935
01275,240100800
01276,240100610
01277,240100883
01279,240100883
01280,240100883
01281,240100750
01282,200042935
01283,200042935
01284,200071371
01285,200042497
01286,200040350
01288,240100750
01289,200071751
01290,240100883
01291,200070555
01293,200042935
01294,200040350
01295,200070118
01296,200071751
01297,240100610
01298,240100891
01299,200069193
01301,200071751
01302,200040350
01303,200029999
01304,200029999
01305,200071371
01306,200070555
01307,200042935
01308,240100750
01309,200071751
01310,200040350
01311,200042935
01313,240100750
01314,200029999
01317,200071751
01318,200042497
01319,200069193
01320,200071371
01321,200071751
01322,200042497
01323,200071371
01325,240100883
01328,200069193
01329,200040350
01331,200029999
01332,200071371
01333,200069193
01334,200070555
01335,200069193
01336,200071751
01337,200071371
01338,200040350
01339,200042497
01342,240100610
01343,200070555
01344,200071751
01345,240100883
01346,200071751
01347,200042497
01348,200070118
01349,240100883
01350,200071751
01351,200070118
01352,200071371
01353,200042497
01354,240100750
01355,200070555
01356,200069193
01357,240100891
01358,200040350
01359,200069193
01360,240100750
01361,240100883
01362,200042497
01363,200029999
01364,200071751
01365,200070555
01366,240100883
01367,200071751
01368,200070555
01369,200071751
01370,200070308
01371,200069193
01372,200040350
01373,200042935
01374,200071751
01375,200071751
01376,240100800
01378,240100883
01379,240100883
01380,200071751
01381,200069193
01382,200069193
01383,200069193
01384,240100883
01385,200071751
01386,240100883
01387,200071751
01388,200071751
01389,200069193
01390,240100883
01391,200071751
01392,200042935
01393,200069193
01396,240100883
01397,240100750
01398,200042497
01399,240100750
01400,240100883
01401,240100750
01402,200071371
01403,240100883
01404,200029999
01405,200071751
01406,200071751
01407,200070852
01408,200071751
01410,200042935
01411,240100883
01412,200069193
01415,200040350
01416,240100883
01418,240100800
01419,240100750
01420,200070118
01421,240100883
01422,200071751
01423,200042497
01424,240100800
01425,200071751
01426,200071751
01427,200042497
01428,200069193
01429,200071751
01430,200029999
01431,240100883
01432,200071751
01433,200071751
01434,200069193
01435,240100750
01436,240100750
01437,200071751
01439,200071371
01441,200042935
01443,200069193
01444,240100883
01445,200071751
01446,200042497
01447,200071751
01448,240100891
01449,200069193
01450,240100883
01451,200071751
01452,200040350
01453,200040350
01454,200040350
01456,200040350
01457,200070555
03001,200071363
03002,200071496
03003,240300558
03004,240300491
03005,240300657
03006,200071363
03007,200071082
03008,200071363
03009,200071140
03010,240300566
03011,200071140
03012,200071496
03013,200071140
03014,200071470
03015,200071140
03016,200071389
03017,240300491
03018,200071389
03019,200071470
03020,200071512
03021,200071389
03022,200071389
03023,200071363
03024,240300491
03025,200071140
03026,200071140
03027,200071512
03028,240300491
03029,200071363
03030,200071389
03031,200071512
03032,200071512
03033,200071363
03034,200071470
03035,200071470
03036,200071496
03037,240300558
03038,200071389
03039,200071140
03040,200071140
03041,240300558
03042,240300491
03043,200071389
03044,200071363
03045,200071363
03046,200071496
03047,200071512
03048,240300558
03049,200071389
03050,200071363
03051,240300657
03052,200071512
03053,200071389
03054,200071140
03055,240300657
03056,200071363
03057,200071140
03058,200071512
03059,200071389
03060,200071363
03061,200071389
03062,200071389
03063,200071884
03064,200071140
03065,200071496
03066,200071363
03067,200071470
03068,200071363
03069,200071496
03070,200071512
03071,200071470
03072,240300657
03073,200071140
03074,200071140
03075,200071389
03076,200071140
03077,200071389
03078,200071389
03079,200071470
03080,200071363
03081,200071512
03082,200071512
03083,200071389
03084,200071512
03085,200071140
03086,200071884
03087,240300558
03088,240300657
03089,200071389
03090,200071140
03091,200071470
03092,200071496
03093,200071363
03094,200071363
03095,200071363
03096,200071389
03097,200071512
03098,200071082
03099,200071496
03100,200071470
03101,200071082
03102,200071470
03103,200071470
03104,200071512
03105,240300491
03106,200071512
03107,200071389
03108,200071389
03109,200071389
03110,200071363
03111,240300566
03112,200071389
03113,200071363
03114,200071389
03115,200071389
03116,200071389
03117,200071496
03118,200071389
03119,200071140
03120,200071140
03121,200071140
03122,200071496
03124,200071140
03125,200071363
03126,200071363
03127,240300558
03128,240300657
03129,200071512
03130,240300558
03131,240300491
03132,200071470
03133,200071389
03134,200071389
03135,200071389
03136,200071082
03137,200071470
03138,240300491
03139,200071363
03140,200071082
03141,200071363
03142,200071470
03143,240300558
03144,200071470
03145,200071082
03146,200071140
03147,200071470
03148,200071389
03149,200071389
03150,200071496
03151,200071512
03152,200071389
03154,200071470
03155,200071140
03156,200071140
03157,200071363
03158,240300566
03159,200071512
03160,200071389
03161,200071082
03162,200071140
03163,200071363
03164,200071389
03165,200071363
03166,200071389
03167,200071082
03168,240300558
03169,200071496
03170,200071496
03171,200071470
03172,240300657
03173,200071884
03174,200071363
03175,200071389
03176,200071389
03177,200071470
03178,200071470
03179,200071470
03180,200071140
03181,200071470
03182,200071389
03183,200071496
03184,200071140
03185,200071082
03186,200071512
03187,200071470
03188,200071389
03189,200071512
03190,200071140
03191,200071512
03192,200071389
03193,240300566
03194,200071389
03195,200071512
03196,200071470
03197,200071140
03198,200071140
03200,200071140
03201,200071363
03202,200071496
03203,200071140
03204,200071389
03205,240300491
03206,200071082
03207,200071470
03208,200071470
03209,200071389
03210,200071140
03211,200071082
03212,200071082
03213,240300566
03214,200071496
03215,200071470
03216,200071082
03217,200071512
03218,200071496
03219,200071512
03220,200071389
03221,240300558
03222,240300558
03223,240300491
03224,200071363
03225,240300657
03226,200071470
03227,200071389
03228,240300657
03229,200071140
03230,240300491
03231,200071082
03232,200071470
03233,200071082
03234,200071470
03235,200071470
03236,200071363
03237,200071389
03238,200071496
03239,200071470
03240,200071470
03241,200071140
03242,200071389
03243,200071512
03244,200071082
03245,200071140
03246,240300657
03247,200071496
03248,200071363
03249,240300657
03250,240300491
03251,200071496
03252,200071363
03253,200071470
03254,200071389
03255,200071389
03256,200071512
03257,240300491
03258,200071363
03259,240300657
03260,200071496
03261,200071082
03262,200071082
03263,200071470
03264,200071363
03265,200071470
03266,200071470
03267,200071389
03268,200071389
03269,200071512
03270,200071512
03271,200071363
03272,240300491
03273,200071363
03274,200071470
03275,200071140
03276,200071389
03277,200071389
03278,200071389
03279,200071082
03280,200071082
03281,200071389
03282,240300558
03283,200071140
03284,200071470
03285,200071512
03286,200071140
03287,200071496
03288,240300657
03289,200071470
03290,200071140
03291,200071470
03292,200071496
03293,240300558
03294,200071389
03295,200071389
03296,240300558
03297,240300566
03298,200071470
03299,200071470
03300,200071470
03301,240300566
03302,200071389
03303,200071512
03304,200071363
03305,200071512
03306,200071363
03307,200071389
03308,200071512
03309,200071140
03310,200071363
03311,200071389
03312,200071496
03313,240300558
03314,200071082
03315,200071512
03316,200071140
03317,240300657
03319,200071512
03320,200071496
03321,200071140
07001,200041465
07002,200073245
07003,200073245
07004,200071413
07005,200071405
07006,200041465
07007,200041366
07008,200071413
07009,200040491
07010,200072015
07011,200073245
07012,200041465
07013,200072015
07014,200073096
07015,200040491
07017,200039832
07018,200072007
07019,200073245
07020,200071405
07022,200071405
07023,200039808
07024,200039832
07025,200039824
07026,200072007
07027,200071413
07028,200039832
07029,240700302
07030,200071413
07031,200039832
07032,240700815
07033,200039808
07034,240700864
07035,200041366
07036,200072015
07037,200072007
07038,200072007
07039,200073096
07040,200073096
07041,200072015
07042,240700864
07044,200072015
07045,200039824
07047,200072007
07048,200071413
07049,200041465
07050,200039832
07051,200040491
07052,200041366
07053,240700302
07054,200041465
07055,200041366
07056,200072015
07058,240700617
07059,200041366
07060,200071413
07061,200039808
07062,240700617
07063,200073096
07064,200041465
07065,200039824
07066,200071413
07067,200072015
07068,200073096
07069,200073096
07070,200041366
07071,200072007
07072,200071413
07073,200016905
07074,200071413
07075,200072007
07076,200071405
07077,240700815
07078,200072015
07079,200016905
07080,200041465
07081,240700302
07082,200041465
07083,200071413
07084,200040491
07085,200016905
07086,200073096
07087,200039824
07088,240700302
07089,200072015
07090,200071413
07091,200073245
07092,200071413
07093,200073245
07094,200071413
07095,200016905
07096,200071413
07097,200073096
07098,200071413
07099,240700864
07100,200039832
07101,200039808
07102,200041366
07103,200041465
07104,200041465
07105,200072007
07106,200072007
07107,200039824
07108,200041465
07109,240700617
07110,240700302
07111,200073245
07112,200073245
07113,200039808
07114,200016905
07115,200039808
07116,200073245
07117,240700302
07118,240700302
07119,200072007
07120,200072007
07121,200072007
07122,200073245
07123,200041465
07124,200016905
07126,200039808
07127,200039824
07128,240700716
07129,200016905
07130,200072007
07131,200039808
07132,240700617
07133,240700864
07134,240700617
07136,200072007
07137,200072007
07138,200073245
07139,200073245
07140,200073096
07141,200073245
07142,200072007
07143,200072015
07144,240700302
07145,240700815
07146,200071413
07147,200039832
07148,200039832
07149,200071413
07150,200041465
07151,200041465
07152,200073096
07153,200039824
07154,200072007
07155,200073245
07156,200039824
07157,200071405
07158,200073245
07159,240700815
07160,200072015
07161,200039824
07162,240700617
07163,200039832
07165,200041465
07166,200016905
07167,200071413
07168,200039808
07169,200040491
07170,200073096
07171,240700302
07172,200072015
07173,200039824
07174,200040491
07175,200072007
07176,240700302
07177,200073096
07178,200039824
07179,200071413
07181,200071413
07182,200039824
07183,200039808
07184,200071413
07185,240700716
07186,200071413
07187,240700617
07188,200072015
07189,240700302
07190,200039808
07191,200071405
07192,200041465
07193,240700617
07194,200071413
07195,200072007
07196,240700302
07197,200072015
07198,200071413
07199,240700302
07200,200072007
07201,200039808
07202,240700302
07203,200072007
07204,200041465
07205,240700716
07206,200072007
07207,200039808
07208,240700815
07209,200041465
07210,200073245
07211,200039832
07212,200041465
07213,240700302
07214,200071413
07215,200041465
07216,200016905
07217,200073096
07218,200016905
07219,200071405
07220,200041465
07221,200071413
07222,200041465
07223,200039824
07224,200072007
07225,200072015
07226,200041465
07227,200072015
07228,200072015
07229,200073245
07230,200073245
07231,200073245
07232,200072007
07233,200071413
07234,200040491
07235,200072007
07236,200073096
07237,200071413
07238,240700302
07239,200041465
07240,200041366
07241,240700815
07242,240700815
07243,200072015
07244,200071413
07245,200073096
07247,240700815
07248,200041465
07249,200041465
07250,240700716
07251,200073245
07253,200071413
07254,200073245
07255,200071413
07257,200071413
07258,200072015
07259,240700864
07260,200071405
07261,200071413
07262,200072007
07263,240700815
07264,240700864
07265,200072015
07266,200039832
07267,200072007
07268,240700864
07269,200041465
07270,200071405
07272,200039808
07273,240700815
07274,200071413
07275,240700302
07276,200041465
07277,200073245
07278,200071413
07279,240700864
07280,200039832
07281,200041366
07282,200039824
07283,200071405
07284,200039832
07285,240700716
07286,200041465
07287,240700815
07288,200071413
07289,200073245
07290,200016905
07291,200039808
07292,240700716
07293,200041366
07294,200035129
07295,200071413
07296,200073245
07297,200041366
07298,200071405
07299,240700716
07300,200071405
07301,200073096
07302,200071405
07303,200071413
07304,200039808
07305,200039832
07306,200039808
07307,240700617
07308,200040491
07309,240700716
07310,200072015
07311,240700815
07312,200073096
07313,200072015
07314,200071413
07315,200039824
07316,200041366
07317,200072015
07318,240700617
07319,200071405
07321,200072015
07322,200039824
07323,200041366
07324,200073096
07325,200073245
07326,200072007
07327,240700617
07328,200039808
07329,240700302
07330,200039808
07331,200073245
07332,200071405
07333,200072015
07334,200039832
07335,200073096
07336,240700302
07337,200072015
07338,200071413
07339,200073245
07340,200071413
07341,240700815
07342,200072015
07343,200073245
07344,200072015
07345,200073096
07346,240700864
07347,200072015
07348,200039808
07349,200071413
15001,200066637
15002,200066660
15003,241501139
15004,200066660
15005,200066660
15006,241501139
15007,200066660
15008,241501055
15009,241500255
15010,241500271
15011,200066678
15012,241500230
15013,200066637
15014,241500230
15015,241500271
15016,241500230
15017,241501089
15018,241501139
15019,241501055
15020,241501055
15021,200066678
15022,200066637
15024,241501139
15025,200066637
15026,200066660
15027,200066678
15028,241500230
15029,200066678
15030,200066678
15031,200066637
15032,200066637
15033,200066660
15034,200066660
15035,200066637
15036,241500271
15037,241501055
15038,241501055
15040,241500255
15041,200066637
15042,200066637
15043,200066637
15045,200066660
15046,241501139
15047,200066637
15048,200066637
15049,241500255
15050,241500255
15051,200066660
15052,241500255
15053,200066660
15054,241500255
15055,200066660
15056,241500230
15057,200066678
15058,241501089
15059,200066660
15060,200066660
15061,200066637
15063,241500271
15064,241501139
15065,200066660
15066,241501139
15067,241501139
15069,200066637
15070,241501139
15072,241501139
15073,200066660
15074,241500230
15075,241501139
15076,200066678
15077,200066660
15078,200066660
15079,241500271
15080,200066637
15081,241501089
15082,200066678
15083,241500230
15084,200066678
15085,241500230
15086,200066660
15087,200066678
15088,241500230
15089,200066678
15090,200066678
15091,200066637
15092,241501055
15093,200066678
15094,200066678
15095,241500230
15096,241500230
15097,200066660
15098,200066637
15100,200066637
15101,200066637
15102,200066637
15103,200066678
15104,200066678
15105,200066637
15106,200066660
15107,200066660
15108,200066660
15110,241500255
15111,241501055
15112,200066660
15113,241500230
15114,200066637
15116,241500255
15117,200066678
15118,241500230
15119,200066637
15120,241500271
15121,200066660
15122,200066678
15123,241500271
15124,241500255
15125,200066660
15126,200066637
15127,200066637
15128,241501055
15129,241500255
15130,200066660
15131,241501055
15132,246300966
15133,200066678
15134,200066678
15135,200066678
15137,241500271
15138,200066637
15139,200066660
15140,241500230
15141,200066637
15142,200066660
15143,200066678
15144,200066678
15146,241501089
15147,200066678
15148,200066660
15149,200066660
15151,200066637
15152,200066660
15153,241501139
15154,241501089
15155,200066637
15156,200066678
15157,200066678
15158,200066637
15159,241501089
15160,241500230
15161,200066660
15162,241500255
15163,200066678
15164,200066660
15165,200066678
15166,200066678
15167,200066678
15168,200066660
15169,241501055
15170,241500255
15171,200066637
15172,200066678
15173,241500255
15174,241501139
15175,241501139
15176,241501139
15178,241500230
15179,241501139
15180,241501089
15181,200066678
15182,200066678
15183,241501089
15184,200066678
15185,241500255
15186,241501139
15187,200066660
15188,200066660
15189,200066678
15190,241500255
15191,241501139
15192,241501089
15194,200066678
15196,200066678
15198,200066660
15199,200066660
15200,241501139
15201,200066660
15202,241501139
15203,200066637
15204,241500230
15205,241501139
15206,241501055
15207,200066637
15208,241501139
15209,200066660
15211,200066678
15212,200066678
15213,200066637
15214,200066678
15215,241500230
15216,200066660
15217,200066678
15218,241501139
15219,241501139
15220,241500271
15221,241500230
15222,200066678
15223,241501055
15224,200066678
15225,200066637
15226,200066678
15228,200066678
15229,200066660
15230,241500271
15231,200066660
15232,200066660
15233,241500230
15234,200066678
15235,200066660
15236,241501089
15237,200066660
15238,241501139
15240,241501055
15241,200066660
15242,200066678
15243,241500255
15244,200066660
15245,200066660
15246,241500255
15247,200066637
15248,200066660
15249,241501139
15250,241501055
15251,200066660
15252,241500230
15253,200066637
15254,241501055
15255,241500230
15256,200066637
15257,241500230
15258,241501089
15259,200066660
15260,200066678
15261,241500271
15262,200066660
15263,200066637
15264,200066678
15265,241501055
15266,241500230
15267,241500230
15268,200066678
15269,241501139
26001,242600534
26002,200040491
26003,242600492
26004,200068781
26005,200040459
26006,242600252
26007,242600252
26008,200040459
26009,200040491
26010,200040491
26011,200040509
26012,242600534
26013,200068229
26014,200073096
26015,200040509
26016,200068229
26017,242600534
26018,200068229
26019,200040509
26020,242600252
26021,242600252
26022,200068229
26023,200068781
26024,200068781
26025,242600534
26026,200068229
26027,242600534
26028,200073096
26030,242600534
26031,200040459
26032,200068781
26033,200042901
26034,200068781
26035,242600252
26036,242600534
26037,200068781
26038,200073096
26039,200068781
26040,242600534
26041,200040491
26042,200068781
26043,200068229
26045,242600492
26046,200068229
26047,242600534
26048,200068229
26049,200068781
26050,200068229
26051,242600492
26052,200040459
26054,200042901
26055,242600534
26056,242600492
26057,200068781
26058,200068781
26059,200067767
26060,242600492
26061,200073096
26062,242600534
26063,200068229
26064,200068781
26065,242600252
26066,200067767
26067,242600534
26068,200068781
26069,242600534
26070,200040681
26071,200073096
26072,200073096
26073,200040681
26074,200067767
26075,200068229
26076,242600534
26077,200073096
26078,200040459
26079,200068781
26080,200040509
26081,200068781
26082,200068229
26083,200040491
26084,200068781
26085,200040459
26086,242600534
26087,200068781
26088,200068781
26089,200068229
26090,200040509
26091,200068229
26092,200073096
26093,200042901
26094,200040491
26095,200040459
26096,200068781
26097,242600252
26098,242600252
26099,200040681
26100,200068781
26101,242600492
26102,200040459
26103,200068229
26104,200068229
26105,200068229
26106,200040459
26107,200068781
26108,200040509
26110,200073096
26111,242600492
26112,200068229
26113,242600534
26114,242600492
26115,242600252
26116,200042901
26117,200067767
26118,200040491
26119,200073096
26121,200040459
26122,200040509
26123,242600534
26124,200068781
26125,242600252
26126,200068229
26127,200068229
26128,242600252
26129,200068781
26130,200068229
26131,242600492
26133,200040491
26134,242600252
26135,200035723
26136,242600534
26137,242600252
26138,200042901
26139,200068781
26140,200068781
26141,242600252
26142,242600534
26143,200040491
26144,242600252
26145,200042901
26146,200040681
26147,242600534
26148,200040491
26149,200068781
26150,200068229
26152,242600534
26153,200068765
26154,200068765
26155,200040491
26156,200073096
26157,200040459
26159,242600534
26160,200040491
26161,200068229
26162,200040491
26163,200067767
26164,242600534
26165,242600252
26166,242600252
26167,242600534
26168,242600534
26169,200042901
26170,200068781
26171,200040459
26172,200040491
26173,200068781
26174,200073096
26175,242600534
26176,200040459
26177,200073096
26178,242600534
26179,200073096
26180,200068229
26181,200068229
26182,200068229
26183,200040509
26185,242600252
26186,242600534
26188,248400335
26189,200068229
26190,200068229
26191,200040459
26192,200040681
26193,200068229
26194,200073096
26195,242600252
26196,200068781
26197,200068781
26198,200040459
26199,200068229
26200,200071033
26201,200068229
26202,242600492
26203,200040681
26204,242600534
26205,242600534
26206,200068781
26207,200068781
26208,242600252
26209,200068229
26210,200068781
26211,200040681
26212,200068781
26213,200040491
26214,242600252
26215,242600534
26216,200040491
26217,200067767
26218,200068781
26220,200068229
26221,242600252
26222,242600492
26223,200067767
26224,200068781
26225,200068781
26226,200040681
26227,200068229
26228,242600534
26229,200068229
26231,200068781
26232,200068781
26233,200068229
26234,200040509
26235,200042901
26236,200068229
26238,200068229
26239,200068229
26240,242600252
26241,242600252
26242,200068229
26243,242600492
26244,200068229
26245,200068229
26246,242600534
26247,200040491
26248,242600534
26249,242600492
26250,200073096
26251,200040459
26252,200068781
26253,242600534
26254,242600534
26255,242600534
26256,200068229
26257,200040459
26258,200040459
26259,200040491
26261,200040681
26262,242600534
26263,200068229
26264,200068229
26266,200040509
26267,200068229
26268,242600492
26269,200068229
26270,200067767
26271,200073096
26272,200040459
26273,200068781
26274,242600534
26275,200042901
26276,242600492
26277,242600252
26278,200068229
26279,200068229
26281,200068781
26282,242600534
26283,242600534
26284,200040681
26285,200040681
26286,200068229
26287,200040459
26288,200068229
26289,200040509
26290,200067767
26291,242600534
26292,200068229
26293,200040491
26294,200068781
26295,200040491
26296,200040509
26298,200068781
26299,242600534
26300,242600534
26301,200073096
26302,200067767
26303,200068229
26304,200068229
26305,200040459
26306,200068229
26307,200067767
26308,242600534
26309,200067767
26310,200068781
26311,200067767
26312,200040459
26313,200068781
26314,200040491
26315,200067767
26316,200067767
26317,200068229
26318,200068229
26319,200068781
26320,200067767
26321,242600534
26322,200040681
26323,200068781
26324,200042901
26325,200040491
26326,200042901
26327,242600534
26328,200040509
26329,200068229
26330,200040491
26331,200067767
26332,200040491
26333,200040491
26334,242600492
26335,200040681
26336,242600252
26337,200040459
26338,200040459
26339,200040459
26340,200068229
26341,200073096
26342,200042901
26343,242600492
26344,242600252
26345,200042901
26346,242600252
26347,200073096
26348,200040681
26349,200040491
26350,242600492
26351,242600492
26352,200040459
26353,200040459
26355,200068781
26356,242600492
26357,200042901
26358,200068781
26359,242600534
26360,200040681
26361,242600534
26362,200068781
26363,200068229
26364,200067767
26365,242600252
26367,200068229
26368,200040509
26369,200068229
26370,200068229
26372,200068229
26373,242600492
26374,200068765
26375,200068229
26376,200068229
26377,200068229
26378,242600534
26379,200068781
26380,200073096
26381,200068781
26382,200068781
38001,200068567
38002,200018166
38003,200085751
38004,200070431
38005,243800745
38006,200018166
38008,200040657
38009,200085751
38010,200068542
38011,243800935
38012,200068567
38013,243801073
38015,200059392
38017,200085751
38018,200070431
38019,200085751
38020,243800745
38022,200068542
38023,200030658
38026,200068542
38027,200018166
38029,200068567
38030,243801073
38031,200040657
38032,200059392
38033,200070431
38034,200085751
38035,200059392
38036,200070431
38037,200085751
38038,200068567
38039,200018166
38040,243800745
38041,200070431
38042,243801073
38043,243800984
38044,200068567
38045,200018166
38046,243801073
38047,200068567
38048,243801255
38049,200059392
38050,200068542
38051,200085751
38052,243800745
38053,243800604
38054,200068542
38055,200068542
38056,200059392
38057,200040715
38058,200059392
38059,200040715
38060,200059392
38061,243800984
38062,200018166
38063,243801073
38064,200068567
38065,243801073
38066,200085751
38067,200068542
38068,200040715
38069,200059392
38070,200018166
38071,200040715
38072,200085751
38073,200040657
38074,200070431
38075,200018166
38076,200068567
38077,200085751
38078,200018166
38080,243800984
38081,243801255
38082,243800984
38083,200068542
38084,243800984
38085,243800935
38086,200070431
38087,200077014
38089,200068567
38090,200030658
38091,243800604
38092,200070431
38093,200059392
38094,200059392
38095,200070431
38097,243800935
38098,200068567
38099,200070431
38100,200018166
38101,200085751
38102,243800604
38103,200030658
38104,200068567
38105,243800984
38106,200040657
38107,200077014
38108,200070431
38109,200068542
38110,200077014
38111,200040715
38112,243800745
38113,200030658
38114,200085751
38115,200030658
38116,200040657
38117,200070431
38118,243801073
38120,200018166
38124,200068542
38126,200040715
38127,200030658
38128,200040657
38129,243801024
38130,200059392
38131,200077014
38132,200040657
38133,243800984
38134,200085751
38135,200068542
38136,243800604
38137,200070431
38138,200068542
38139,200068542
38140,200018166
38141,200059392
38144,243801255
38146,200068542
38147,200068567
38148,200068567
38149,243800604
38150,200040715
38151,200040715
38152,243800604
38153,243801024
38154,200040657
38155,200040111
38156,243800604
38157,200077014
38158,200040715
38159,243801073
38160,200077014
38161,200059392
38162,200068567
38163,200018166
38166,200018166
38167,243801073
38169,200040715
38170,200040715
38171,200059392
38172,243800604
38173,243800745
38174,200059392
38175,200018166
38176,200068542
38177,243800745
38179,200040715
38180,200059392
38181,200018166
38182,243801073
38183,200068567
38184,243801255
38185,200040715
38186,200030658
38187,200040715
38188,200040715
38189,243801255
38190,200068542
38191,243800745
38192,200018166
38193,243800604
38194,243801073
38195,200070431
38197,243800935
38198,200085751
38199,200077014
38200,200040715
38203,200040657
38204,200030658
38205,243801024
38206,200018166
38207,200040657
38208,200030658
38209,200059392
38210,200068542
38211,200059392
38212,243800745
38213,200059392
38214,200018166
38215,200077014
38216,200070431
38217,200040657
38218,200059392
38219,200059392
38221,200059392
38222,243800984
38223,243800604
38224,200040657
38225,243801024
38226,200030658
38228,243800984
38229,200040715
38230,243800604
38231,200059392
38232,200077014
38235,200040715
38236,200040111
38237,243800745
38238,200077014
38239,243800984
38240,200085751
38241,200040657
38242,200030658
38243,200030658
38244,200085751
38245,200070431
38246,200068567
38247,200068542
38248,200070431
38249,200018166
38250,200068542
38252,200040715
38253,243800745
38254,200040657
38255,200059392
38256,243800984
38257,200068567
38258,200040715
38259,200085751
38260,200068542
38261,200068542
38263,200070431
38264,200040657
38265,200040657
38266,200040657
38267,200059392
38268,200018166
38269,200040657
38270,243800984
38271,200040715
38272,200070431
38273,200040657
38275,200070431
38276,243800604
38277,200040715
38278,200070431
38279,200040715
38280,200040657
38281,200040715
38282,200068542
38283,200040657
38284,200059392
38285,243800745
38286,243800745
38287,243801073
38288,243801255
38289,243800745
38290,200085751
38291,200059392
38292,243800984
38294,200068542
38295,200068542
38296,200068567
38297,200068542
38298,200085751
38299,200040657
38300,200059392
38301,200030658
38303,200018166
38304,200040657
38307,200085751
38308,200059392
38309,200040715
38310,200070431
38311,200085751
38313,200040657
38314,200018166
38315,200068567
38316,243800935
38317,200040715
38318,200077014
38319,200070431
38320,200068542
38321,200030658
38322,200070431
38323,200068567
38324,200085751
38325,200040715
38326,200040657
38328,200040715
38329,200040657
38330,200070431
38331,243800984
38332,243801073
38333,200070431
38334,200018166
38335,200085751
38336,200077014
38337,243800984
38338,200070431
38339,243801255
38340,200085751
38341,200068567
38342,200030658
38343,200068567
38344,200085751
38345,200070431
38346,200059392
38347,200059392
38348,243800604
38349,200085751
38350,200018166
38351,200059392
38352,243800604
38353,200085751
38354,200068567
38355,200030658
38356,200070431
38357,200068567
38358,200059392
38359,200070431
38360,200070431
38361,200040657
38362,243800984
38363,200085751
38364,200040715
38365,200068542
38366,200030658
38368,243800984
38369,200068567
38370,200070431
38372,243800984
38373,243800984
38374,200068542
38375,243800745
38376,200040111
38377,200068567
38378,200085751
38379,200059392
38380,243801073
38381,200068567
38382,200040715
38383,243800984
38384,200059392
38386,243800984
38387,200059392
38388,200040715
38389,243801255
38390,200070431
38391,200030658
38392,200068542
38393,200059392
38394,200070431
38395,200018166
38396,200040657
38397,200018166
38398,200068567
38399,200059392
38400,243800984
38401,200068567
38402,200040657
38403,200030658
38404,200018166
38405,200040111
38406,200085751
38407,243800984
38408,243801255
38409,200070431
38410,200070431
38412,200040111
38413,200040657
38414,200040657
38415,200068542
38416,200070431
38417,200018166
38418,200018166
38419,200030658
38420,200068567
38421,200040715
38422,200018166
38423,200040715
38424,200030658
38425,200085751
38426,200018166
38427,200059392
38428,200040657
38429,200030658
38430,200018166
38431,200018166
38432,243800984
38433,243801024
38434,200068567
38436,200040715
38437,200059392
38438,200030658
38439,200018166
38440,200059392
38442,200040111
38443,200070431
38444,200040657
38445,200040715
38446,200040111
38448,200085751
38449,243800604
38450,200070431
38451,200068542
38452,200085751
38453,200070431
38454,200070431
38455,243800604
38456,200030658
38457,200059392
38458,200068542
38459,200077014
38460,243800984
38462,200040657
38463,200070431
38464,200068567
38465,200068542
38466,200018166
38467,200068542
38468,200085751
38469,200040657
38470,200040657
38471,200040715
38472,200040715
38473,200059392
38474,200040715
38475,243800604
38476,200059392
38478,200040715
38479,200059392
38480,200077014
38481,243800604
38483,200068542
38484,200077014
38485,200040715
38486,200040715
38487,200077014
38488,200068542
38489,200040657
38490,200059392
38492,200030658
38494,200068542
38495,200070431
38496,200085751
38497,200040657
38498,243800604
38499,200040657
38500,200070431
38501,200018166
38503,200018166
38504,200018166
38505,200059392
38507,200068542
38508,200068567
38509,200068567
38511,200018166
38512,200059392
38513,200030658
38514,200030658
38515,200068542
38516,200040715
38517,243800984
38518,200040657
38519,243801255
38520,200068567
38521,200040657
38522,200040657
38523,200070431
38524,200040715
38525,200068542
38526,200070431
38527,243800745
38528,200040715
38529,200040715
38530,243800604
38531,243800984
38532,200068542
38533,200040715
38535,200068542
38536,200085751
38537,243800604
38538,200018166
38539,200068542
38540,200040715
38542,200068542
38543,200068542
38544,200077014
38545,200040715
38546,200068542
38547,200018166
38548,243801024
38549,243800745
38550,243800745
38551,243800745
38552,200040657
38553,243800604
38554,200068542
38555,200059392
38556,200085751
38557,243800935
38558,200077014
38559,200070431
38560,200068567
38561,200059392
38562,200040715
38563,243800984
38564,243800984
38565,243800984
38566,243800984
38567,200018166
42001,244200770
42002,200065886
42003,200035731
42005,244200770
42006,200065886
42007,200035202
42008,200035731
42009,200065886
42010,200065894
42011,200065894
42012,200065886
42013,200065894
42014,200035202
42015,200035202
42016,200035202
42017,244200622
42018,244200895
42019,200065886
42020,200065886
42021,200065886
42022,200065886
42023,244200622
42025,200035202
42026,200035202
42027,244200614
42028,244200622
42029,200065894
42030,200065886
42031,244200770
42032,244200770
42033,200035202
42034,200065886
42035,200065886
42036,244200770
42037,200065886
42038,200065886
42039,200065886
42040,200065886
42041,200065894
42042,200065886
42043,244200770
42044,244200770
42045,200065886
42046,200065886
42047,244200820
42048,200035202
42049,200035731
42050,200065886
42051,244200895
42052,200035202
42053,244200770
42054,200065886
42055,200066587
42056,244200895
42058,200065886
42059,200065894
42060,200065886
42061,244200820
42062,200066587
42063,244200630
42064,244200895
42065,200065894
42066,200065894
42067,244200622
42068,200035731
42069,200035731
42070,244200630
42071,200035731
42073,200065894
42074,200035731
42075,200065886
42076,244200820
42077,244200630
42078,200035731
42079,200035202
42081,200065894
42083,244200770
42084,200065886
42085,244200770
42086,200035202
42087,200065886
42088,200065894
42089,200065886
42090,200065894
42091,200065886
42092,244200770
42093,244200770
42094,200065894
42095,244200770
42096,244200770
42097,244200770
42098,244200630
42099,244200770
42100,244200770
42101,244200622
42102,200066587
42103,244200770
42104,200035202
42105,200065886
42106,244200614
42107,200065886
42108,200065886
42110,244200770
42112,200035202
42113,200065894
42115,244200622
42116,244200820
42117,200065886
42118,244200630
42119,200065886
42120,200035731
42121,200065886
42122,200065886
42123,244200770
42124,244200895
42125,244200614
42126,200065886
42127,200035731
42128,244200630
42129,244200895
42130,200065886
42131,200035202
42132,244200895
42133,244200770
42134,200065886
42135,200065894
42136,200065886
42137,200065886
42138,200066587
42139,244200622
42140,200065886
42141,200035202
42142,200065886
42143,200065894
42145,200035731
42146,200065886
42147,200065886
42148,200065894
42149,200065894
42150,200065886
42151,200065886
42152,200035202
42153,244200630
42154,200065894
42155,200065894
42156,244200630
42157,200035731
42158,200035731
42159,200065886
42160,244200614
42161,200035731
42162,200035731
42163,200035731
42164,200065886
42165,200065894
42166,200035731
42167,244200770
42168,244200895
42169,200065886
42170,200035731
42171,200065894
42172,244200622
42173,244200614
42174,200065894
42175,200065894
42176,200035731
42177,200035202
42178,244200630
42179,200065886
42180,200065886
42181,244200630
42182,200035731
42183,244200770
42184,200035731
42185,200065894
42186,244200770
42187,200035731
42188,200065886
42189,244200770
42191,244200895
42192,244200770
42193,200065894
42194,200035731
42195,200065886
42196,200065894
42197,200065886
42198,200035731
42199,200035731
42200,200065894
42201,244200895
42202,200065894
42203,200035731
42204,200065886
42205,200065886
42206,244200770
42207,244200770
42208,244200770
42209,200065894
42210,244200770
42211,200065886
42212,244200630
42213,200065894
42214,200065894
42215,200035202
42216,200066587
42217,200065886
42218,244200770
42219,200065886
42220,200035731
42221,200065886
42222,244200770
42223,244200770
42224,244200622
42225,244200770
42226,244200614
42227,200065886
42228,200065886
42229,200035202
42230,244200614
42231,200035731
42232,200035731
42233,200035731
42234,244200770
42235,200065886
42236,200035202
42237,244200770
42238,200065886
42239,200035731
42240,200065886
42241,200065894
42242,244200770
42243,244200614
42245,200065886
42246,244200622
42247,200065886
42248,244200820
42249,244200630
42251,200065894
42253,200035731
42254,200065894
42255,244200820
42256,200065886
42257,200035731
42259,244200770
42260,244200614
42261,200065894
42262,244200770
42264,200065894
42265,244200895
42266,244200770
42267,200035202
42268,244200614
42269,200065886
42270,244200770
42271,244200770
42272,244200895
42273,200035202
42274,244200614
42275,244200770
42276,244200820
42277,244200630
42278,200065886
42279,200065886
42280,244200622
42281,200035731
42282,244200820
42283,244200770
42284,200035731
42285,200065886
42286,244200622
42287,244200622
42288,200065886
42289,244200630
42290,200065886
42293,244200630
42294,200035731
42295,244200820
42296,200065894
42297,200065894
42298,200065886
42299,200065886
42300,200035202
42301,200065886
42302,244200770
42303,244200614
42304,200065886
42305,244200770
42306,244200622
42307,244200770
42308,244200770
42310,244200622
42311,244200770
42312,200065886
42313,200065886
42314,244200820
42315,200065886
42316,244200770
42317,200035731
42318,200065886
42319,200065894
42320,244200770
42321,200065886
42322,244200770
42323,200065894
42324,200065886
42325,244200630
42326,244200895
42327,244200895
42328,200065886
42329,244200622
42330,244200770
42331,200035731
42332,200035731
42333,200035202
42334,200065894
42335,200066587
42336,200066587
42337,200035731
42338,200035202
42339,244200820
43001,200085728
43002,200073419
43003,200073419
43004,200073401
43005,244301123
43006,200073393
43007,244301016
43008,244301123
43009,200073393
43010,200073419
43011,200073393
43012,244301131
43013,200073393
43014,200085728
43015,200073393
43016,244301099
43017,244301099
43018,200073419
43019,244301123
43020,200073427
43021,200073419
43022,200085728
43023,200073419
43024,244301016
43025,200073427
43026,200073419
43027,200073393
43028,244301016
43029,200073393
43030,200073419
43031,200073393
43032,200073419
43033,200085728
43034,200073427
43035,200073419
43036,200073419
43037,244301123
43038,200085728
43039,200073419
43040,200085728
43041,200073419
43042,244301123
43043,200073419
43044,200073393
43045,200073419
43046,200073419
43047,200073401
43048,200073419
43049,200073419
43050,244301099
43051,244301107
43052,244301099
43053,200073401
43054,200073393
43055,200085728
43056,200073393
43057,200073419
43058,200073427
43059,200073419
43060,200073393
43061,200073419
43062,200073419
43063,200073393
43064,244301099
43065,200073393
43066,200073401
43067,200073393
43068,200073393
43069,244301107
43070,200073393
43071,200073419
43072,200073393
43073,200073419
43074,200085728
43075,200073393
43076,200073419
43077,244301123
43078,200073419
43079,200073393
43080,200073419
43082,200073393
43083,200073393
43084,200073419
43085,200073393
43086,200073393
43087,244300307
43088,200085728
43089,200073419
43090,200073393
43091,200073401
43092,200073401
43093,200073419
43094,200073393
43095,200073419
43096,200085728
43097,200073401
43098,200073401
43099,244301099
43100,200085728
43101,200073401
43102,244301016
43103,200085728
43104,200073393
43105,200085728
43106,200073393
43107,200073393
43108,200073419
43109,244301123
43110,200085728
43111,244301123
43112,200073393
43113,200073401
43114,244301016
43115,200073401
43116,200073419
43117,200085728
43118,200073393
43119,200073419
43120,244301099
43121,200085728
43122,200073419
43123,200085728
43124,200073419
43125,200085728
43126,200073419
43127,200073427
43128,200073419
43129,244301107
43130,244301107
43131,200073393
43132,200073393
43133,200073393
43134,200073419
43135,200073401
43136,200073419
43137,200073427
43138,200073419
43139,200073393
43140,200073419
43141,244300307
43142,244300307
43143,200073401
43144,200073401
43145,244301123
43147,200085728
43148,200073393
43149,200073393
43150,200073419
43151,200073393
43152,200073419
43153,244301131
43154,244301123
43155,200073393
43156,200073401
43157,200073419
43158,200073401
43159,244300307
43160,244301123
43162,244301016
43163,244300307
43164,200073419
43165,200073419
43166,200073427
43167,200073393
43168,244301123
43169,200073393
43170,200085728
43171,200073393
43172,244300307
43173,244301123
43174,200073419
43175,200073393
43177,244301131
43178,200073393
43180,244301123
43181,200073419
43182,200085728
43183,200073393
43184,244301131
43185,244301099
43186,200073401
43187,200073419
43188,200073393
43189,200073419
43190,200073419
43191,200085728
43192,244301123
43193,244301099
43194,200073419
43195,200085728
43196,200073419
43197,200073419
43198,244301123
43199,244301107
43200,200073401
43201,200073419
43202,200073393
43203,244301016
43204,244300307
43205,244301131
43206,200085728
43207,200085728
43208,200073393
43210,200073401
43211,244301016
43212,200073427
43213,200073427
43214,200073393
43215,244301123
43216,200073419
43217,200073419
43218,200073401
43219,200073393
43220,200073419
43221,200073419
43222,200073393
43223,244300307
43224,200073427
43225,244301123
43226,244301099
43227,244301131
43228,200073419
43229,200073419
43230,200073419
43231,200073401
43232,200073393
43233,200073419
43234,200073393
43236,244301131
43237,200073419
43238,244301123
43239,200073393
43240,200073427
43241,200073419
43242,200073393
43244,244301107
43245,200073393
43246,200073427
43247,200085728
43249,200073427
43250,200073393
43251,200073419
43252,200073393
43253,200073401
43254,200073419
43256,200073393
43257,200073419
43258,244301099
43259,200073419
43260,200073419
43261,244301099
43262,200085728
43263,244301123
43264,200073393
43265,200073427
43267,200073419
43268,244301016
63001,200071199
63002,200070761
63003,200070761
63004,200072098
63005,200070407
63006,200070407
63007,200070407
63008,200070712
63009,200070407
63010,200070761
63011,200072080
63012,200071199
63013,200071199
63014,246300701
63015,200070712
63016,200070712
63017,200070407
63019,246300701
63020,200069169
63021,200069177
63022,200070407
63023,200070761
63024,200069169
63025,200072080
63026,200069177
63027,200070761
63028,200069169
63029,200070407
63030,200071199
63031,200070407
63032,246300701
63033,200071199
63034,200067627
63035,200072098
63036,200070407
63037,200070761
63038,246300966
63039,200070761
63040,200067627
63041,200072080
63042,246300701
63043,200072098
63044,200067627
63045,246301097
63046,200070407
63047,246300966
63048,200071215
63049,200067627
63050,200070407
63051,200070407
63052,200070407
63053,200071215
63054,200070407
63055,200071215
63056,200070761
63057,200070761
63058,246301097
63059,200069177
63060,200072080
63061,200071199
63062,200072080
63063,246300701
63064,200071215
63065,200070761
63066,200070712
63067,200072080
63069,246300701
63070,246300701
63071,200069169
63072,200070712
63073,200070407
63074,200070407
63075,246300701
63076,200070761
63077,246300966
63079,200070407
63080,200070407
63081,200070761
63082,200072098
63083,200070753
63084,200069177
63085,200071215
63086,200070761
63087,200070407
63088,200070407
63089,200070753
63090,200071199
63091,200070407
63092,200070753
63093,200072098
63094,200072080
63095,200070712
63096,200067627
63097,200070407
63098,246300966
63099,246300701
63100,200072098
63101,200072080
63102,200070712
63103,200070753
63104,200070761
63105,200070761
63106,200067627
63107,200070753
63108,200070753
63109,200070407
63110,200071215
63111,200070407
63112,200070753
63113,246300701
63114,200070407
63115,200071215
63116,200072098
63117,246300966
63118,200071215
63119,200070761
63120,200069177
63121,200070407
63122,200070407
63123,200069177
63124,246300701
63125,200070712
63126,200069177
63128,246301097
63129,200069169
63130,200072080
63131,246301097
63132,200070761
63134,200070407
63135,200072098
63136,200070761
63137,200070761
63138,200070712
63139,200070761
63140,200072080
63141,246300701
63142,200070761
63143,200071199
63144,246300966
63145,200070407
63146,200067627
63147,200070761
63148,200070753
63149,200070753
63150,200070753
63151,200070712
63152,200072080
63153,246300966
63154,200067627
63155,200067627
63156,200070407
63157,200067627
63158,200070761
63159,200071215
63160,200070407
63161,200070761
63162,200070761
63163,200069169
63164,246300701
63165,200071215
63166,200070407
63167,200072098
63168,200067627
63169,246300966
63170,200071215
63171,200072080
63172,200070407
63173,200070761
63174,200070761
63175,200071215
63176,200069169
63177,200067627
63178,200070407
63179,200070761
63180,246301097
63181,200072098
63182,200070407
63183,200069169
63184,200070712
63185,200070407
63186,200071215
63187,200072080
63188,200069177
63189,200069169
63190,200069169
63191,200071215
63192,200069169
63193,246300701
63194,246301097
63195,246301097
63196,200071199
63197,200072098
63198,200072098
63199,200070407
63200,200070753
63201,200071199
63202,200070407
63203,200070753
63204,200070753
63205,200069177
63206,200072098
63207,200070761
63208,200072098
63209,200070407
63210,200071199
63211,200070761
63212,200070753
63213,200070753
63214,200069177
63215,200070753
63216,200067627
63218,200070761
63219,200069169
63220,200070407
63221,200070761
63222,200070407
63223,200072080
63224,200070753
63225,200071215
63226,200067627
63227,200069177
63228,200071215
63229,246301097
63230,200070761
63231,200070712
63232,200071199
63233,200072080
63234,200070407
63235,200072098
63236,246300966
63237,200071215
63238,200071215
63239,200067627
63240,200071199
63241,200070407
63242,200070407
63243,200072080
63244,200070753
63245,200070753
63246,246300966
63247,246300966
63248,200069169
63249,200070712
63250,200070407
63251,200072080
63252,200067627
63253,200070712
63254,246300701
63255,200070407
63256,200070761
63257,200069169
63258,200070761
63259,200069177
63260,200070712
63261,200070407
63262,200069177
63263,246300701
63264,200069169
63265,246301097
63267,200070712
63268,200070407
63269,200070407
63270,200070407
63271,200070712
63272,246300701
63273,200067627
63274,200069169
63275,200070407
63276,246301097
63277,200070407
63278,200070753
63279,246300966
63280,200069177
63281,200072080
63282,200070407
63283,200071215
63284,246300701
63285,200071215
63286,200072098
63287,200070407
63288,200072098
63289,200071215
63290,200070753
63291,200070712
63292,200071215
63293,200072080
63294,200072098
63295,200071199
63296,246301097
63297,200067627
63298,200070712
63299,200070407
63300,200070753
63301,200070712
63302,200069177
63303,200070407
63304,200072080
63305,200069169
63306,200069177
63307,246300701
63308,246300701
63309,200070761
63310,200070712
63311,200071199
63312,200070761
63313,200070407
63314,200070761
63315,200069177
63317,200071199
63318,200072098
63319,200070761
63320,200071215
63321,200070407
63322,200070753
63323,200070761
63324,200070761
63325,200067627
63326,200069169
63327,200070753
63328,200070761
63329,200072080
63331,200070761
63332,200071199
63333,200071199
63334,200067627
63335,246300966
63336,200069169
63337,200070761
63338,200072080
63339,200071215
63340,200070407
63341,200070761
63342,200070407
63343,200070712
63344,200072098
63345,246300701
63346,246300966
63347,200071199
63348,200070407
63349,200072098
63350,200069177
63351,200071215
63352,200070407
63353,200070761
63354,200072080
63355,200070761
63356,200070407
63357,200070407
63358,200072098
63359,200071215
63360,200072080
63362,200070753
63363,200071215
63364,246301097
63365,200067627
63366,200070407
63367,200070407
63368,200067627
63369,200072080
63370,200069169
63371,200070761
63372,200070753
63373,200072080
63374,200070761
63375,200070407
63376,200070407
63377,200072080
63378,200069177
63379,200072098
63380,246300966
63381,200070753
63382,200072098
63383,246300966
63384,200070761
63385,200071215
63386,200069169
63387,200071199
63388,200072080
63389,200070407
63390,200072098
63391,200072098
63392,200070407
63393,200070712
63394,200070761
63395,200069177
63396,200069177
63397,200069169
63398,200070761
63399,200071215
63400,200071199
63401,246300966
63402,200070712
63403,200070407
63404,200070407
63405,200069177
63406,200071199
63407,200069169
63408,200072080
63409,200070407
63410,200071215
63411,200070407
63412,200070761
63413,200069177
63414,200070712
63415,200070407
63416,200071215
63417,200070753
63418,200070712
63419,200072080
63420,246301097
63421,200069169
63422,200070407
63423,200070407
63424,200070753
63425,200069177
63426,200069169
63427,200072098
63428,200072080
63429,200070407
63430,200070712
63431,200070761
63432,200071199
63433,200071215
63434,200070761
63435,200070407
63436,200071215
63437,200069169
63438,200067627
63439,200070407
63440,246300966
63441,200070761
63442,200070407
63443,200070753
63444,200070407
63445,200067627
63446,200071199
63447,200072080
63448,200070407
63449,246300966
63450,200071215
63451,200069169
63452,200070407
63453,200067627
63454,200070761
63455,200069177
63456,200070407
63457,200069177
63458,200070407
63459,200071199
63460,200071215
63461,246301097
63462,200072080
63463,200070712
63464,200072098
63465,200070761
63466,200070407
63467,200071215
63468,200070712
63469,200070712
63470,200070753
63471,200072080
63472,200069177
63473,200072098
69001,200040566
69002,200067817
69003,200046977
69004,200040574
69005,200040574
69006,200040566
69007,200077014
69008,200040566
69009,200040574
69010,246900625
69012,200067817
69013,200040590
69014,200066587
69016,200067817
69017,200040574
69018,200067817
69019,200067817
69020,200040574
69021,246900625
69022,246900625
69023,200040590
69024,200040574
69026,200040574
69027,246900757
69028,246900724
69029,200046977
69030,200066587
69031,200066587
69032,246900625
69033,200046977
69034,200046977
69035,200067817
69036,200067817
69037,200040566
69038,200066587
69039,200040574
69040,200046977
69042,200066587
69043,246900757
69044,200046977
69045,200067817
69046,200046977
69047,200040574
69049,200040574
69050,200040574
69051,246900740
69052,200040574
69053,200067817
69054,200040566
69055,200040574
69056,200040574
69057,246900625
69058,200067817
69059,200040574
69060,200040566
69061,200040590
69062,200066587
69063,200046977
69064,200077014
69065,200067817
69066,200040566
69067,246900625
69068,200046977
69069,200046977
69070,200040566
69071,200046977
69072,200046977
69074,200040590
69075,200040566
69076,246900625
69077,200067817
69078,200066587
69080,200077014
69081,200046977
69082,200067817
69083,246900625
69084,200067817
69085,200046977
69086,246900625
69087,200046977
69088,200046977
69089,200046977
69090,200040574
69091,200046977
69092,200040590
69093,200040566
69094,246900724
69095,200066587
69096,200046977
69097,200077014
69098,200066587
69099,200066587
69100,200046977
69102,200040566
69103,200067817
69104,200067817
69105,200040590
69106,200040574
69107,200040566
69108,200067817
69109,200067817
69110,200066587
69111,200040574
69112,246900625
69113,200040574
69114,200040574
69115,200040590
69116,200046977
69117,200046977
69118,200077014
69119,200077014
69120,200066587
69121,200040574
69122,200040574
69123,200046977
69124,200067817
69125,200040574
69126,200040574
69127,200046977
69130,200040566
69131,246900724
69132,200066587
69133,246900757
69134,200040574
69135,200067817
69136,246900757
69137,200040590
69138,200066587
69139,200066587
69140,200040574
69141,246900740
69142,200046977
69143,200046977
69145,200067817
69148,246900740
69149,200046977
69151,200040590
69153,200046977
69154,246900724
69155,200066587
69156,200040574
69157,200040566
69160,200040566
69161,200067817
69162,200067817
69163,200046977
69164,200040566
69165,200067817
69166,246900740
69167,200040590
69168,200046977
69169,200040566
69170,246900740
69171,246900625
69172,200040590
69173,246900625
69174,200040566
69175,246900625
69176,246900740
69177,246900625
69178,200066587
69179,246900740
69180,246900740
69181,200040566
69182,200067817
69183,200040566
69184,200066587
69186,200067817
69187,200066587
69188,200040566
69189,200077014
69190,246900724
69191,200046977
69192,200040590
69193,200077014
69194,200046977
69196,200067817
69197,200040590
69198,200067817
69199,200046977
69200,200040566
69201,200066587
69202,200046977
69203,200066587
69204,200046977
69205,200046977
69206,200067817
69207,200046977
69208,246900625
69209,200067817
69212,200040574
69214,200040566
69215,200040590
69216,246900625
69217,200040566
69218,200067817
69219,246900740
69220,200066587
69225,200040566
69227,200066587
69228,246900740
69229,200040566
69230,200040574
69231,246900625
69233,200046977
69234,200040566
69235,200077014
69236,200077014
69238,200066587
69239,200040574
69240,200040566
69241,246900740
69242,200067817
69243,200040566
69244,200046977
69245,200040574
69246,200040574
69248,200040566
69249,246900724
69250,200046977
69252,200077014
69253,200077014
69254,200040566
69255,246900724
69256,200046977
69257,200040590
69258,200067817
69259,200046977
69260,200046977
69261,200067817
69263,200066587
69264,200040590
69265,200040590
69266,200046977
69267,200067817
69268,246900757
69269,246900724
69270,246900765
69271,200046977
69272,246900765
69273,200046977
69275,200046977
69276,200046977
69277,246900575
69278,200046977
69279,200046977
69280,246900575
69281,246900765
69282,200046977
69283,200046977
69284,200046977
69285,246900575
69286,200046977
69287,246900575
69288,246900575
69289,246900575
69290,200046977
69291,246900765
69292,200046977
69293,200046977
69294,246900765
69295,246900765
69296,200046977
69297,246900765
69298,246900575
69299,246900575
73001,247300668
73003,247300015
73004,200069110
73005,200069110
73006,247300817
73007,247300676
73008,200068674
73010,200068674
73011,200068997
73012,200070464
73013,200070464
73014,200068997
73015,200040798
73017,200041010
73018,200041010
73019,247300676
73020,200069110
73021,200041010
73022,247300668
73023,200070340
73024,247300015
73025,247300528
73026,200070340
73027,247300668
73028,247300262
73029,200069110
73030,200069110
73031,200069110
73032,200068997
73033,200040111
73034,200068997
73036,200069110
73039,247300528
73040,200070340
73041,200041010
73042,247300262
73043,200068674
73047,200070340
73048,200068997
73049,247300676
73050,200068674
73051,200068674
73052,200041010
73053,200041010
73054,247300254
73055,200040798
73057,200040798
73058,247300528
73059,200068674
73061,200068997
73063,200068997
73064,200069110
73065,200069110
73067,247300361
73068,200041010
73069,200041010
73070,247300528
73071,200040798
73072,200041010
73073,200068674
73074,247300361
73075,200041010
73076,200068674
73077,247300254
73078,247300262
73079,200041010
73081,200069110
73082,200041010
73083,247300361
73084,200041010
73085,200068674
73086,200068997
73087,200069110
73088,200068997
73089,200041010
73090,200069110
73091,200068674
73092,200040111
73094,200068997
73095,200041010
73096,200041010
73097,200069110
73098,200069110
73099,200041010
73100,247300528
73101,200069110
73103,200068674
73104,247300668
73105,200040111
73106,200069110
73107,200040111
73109,247300676
73110,200068997
73113,200040798
73114,200068997
73116,200070464
73117,200070340
73119,200070340
73120,200041010
73121,200068997
73122,247300668
73123,200068997
73124,200068997
73128,200068674
73129,200068997
73130,200068997
73131,200023299
73132,200068997
73133,200041010
73135,200070464
73137,200069110
73138,200070464
73139,200069110
73140,247300262
73141,200041010
73142,247300817
73145,247300668
73146,200069110
73147,247300262
73149,247300262
73150,247300817
73151,200041010
73152,247300668
73153,200068997
73154,200068997
73155,200068674
73156,247300262
73157,200070340
73159,200041010
73160,200069110
73161,200040798
73162,200068997
73164,200068674
73166,200041010
73168,247300676
73170,200068997
73171,200041010
73173,200070464
73175,247300676
73176,247300254
73177,200070464
73178,200069110
73179,200069110
73180,200068674
73181,200023299
73182,200068674
73183,200041010
73184,247300668
73186,200068997
73187,247300015
73188,200068997
73189,247300361
73190,200023299
73191,247300668
73192,200069110
73193,200068674
73194,247300452
73196,200068997
73197,247300817
73200,200041010
73201,200040798
73202,200068997
73204,247300528
73205,200041010
73206,200040798
73207,200041010
73208,200068674
73210,200069110
73211,200068997
73212,247300676
73213,200069110
73214,247300528
73215,200041010
73216,200068997
73217,200041010
73218,200068674
73219,247300668
73220,247300676
73221,247300361
73222,200069110
73223,200070340
73224,247300361
73225,200069110
73226,247300528
73227,200040798
73228,200069110
73229,200040111
73230,247300361
73231,247300361
73232,247300254
73233,200040111
73234,200069110
73235,247300361
73236,247300528
73237,247300676
73240,200041010
73241,200068997
73242,200070464
73243,200069110
73245,247300262
73246,200040111
73247,200041010
73248,200070464
73249,200069110
73250,200070464
73252,247300676
73253,200023299
73254,247300528
73255,247300361
73256,247300452
73257,200023299
73258,247300452
73259,247300361
73261,247300452
73262,200068997
73263,200068674
73265,200068674
73267,200070464
73268,200068997
73269,247300262
73270,200041010
73271,247300262
73272,247300676
73273,200068674
73274,200040111
73275,200040111
73276,200041010
73277,200069110
73278,247300361
73280,200070464
73281,200069110
73282,200040111
73283,200068997
73284,200023299
73285,247300254
73286,200068674
73288,200069110
73289,200041010
73290,200070340
73292,200068997
73293,200069110
73294,200069110
73296,247300254
73297,200068997
73298,200068997
73299,247300262
73300,200068674
73301,200068674
73302,200041010
73303,200068997
73304,247300254
73306,247300452
73307,247300452
73308,200068997
73309,247300528
73310,200069110
73311,200041010
73312,200068997
73313,247300262
73314,200041010
73315,200041010
73316,200041010
73317,200068997
73318,200070464
73320,200070464
73322,200070340
73323,247300254
73324,200041010
73326,200069110
73327,200068674
73328,200068674
73329,200068674
73330,247300262
74001,200071967
74002,200066793
74003,247400617
74004,200066793
74005,200067551
74006,247400112
74007,247400724
74008,200011773
74009,247400112
74010,200066793
74012,200011773
74013,200067551
74014,200033116
74015,247400583
74016,247400690
74018,247400724
74019,200066793
74020,200067551
74021,247400583
74024,200000172
74025,200067551
74026,247400567
74027,247400617
74029,200070852
74030,247400682
74031,247400690
74032,247400682
74033,200071967
74034,247400682
74035,247400740
74036,200066793
74037,247400047
74038,247400047
74040,200011773
74041,200071967
74042,200000172
74043,200067551
74044,247400690
74045,247400617
74046,247400740
74048,200067551
74049,200000172
74050,247400047
74051,247400112
74052,247400112
74053,200067551
74054,200066793
74055,200070852
74056,200023372
74057,200071967
74058,200071967
74059,247400724
74060,200066793
74061,200066793
74062,200066793
74063,200071967
74064,200034098
74065,200070852
74066,200070852
74067,200066793
74068,200070852
74069,247400690
74070,200067551
74071,200070852
74072,247400773
74073,200071967
74074,247400690
74075,200070852
74076,247400567
74077,200070852
74078,200070852
74079,247400617
74080,247400617
74081,200033116
74082,247400690
74083,200034882
74085,200034882
74086,200070852
74087,200000172
74088,247400112
74089,200034882
74090,247400724
74091,247400682
74094,200011773
74095,247400740
74096,247400112
74097,200066793
74098,247400112
74099,200034882
74100,200070852
74101,247400690
74102,247400617
74103,200034882
74104,247400773
74105,200067551
74106,200067551
74107,200070852
74108,200066793
74109,200070852
74111,200066793
74112,200066793
74114,247400682
74116,247400724
74117,247400740
74118,200011773
74119,200071967
74121,200067551
74122,247400666
74123,247400773
74124,247400690
74126,200067551
74127,200071967
74128,247400666
74129,247400682
74130,200070852
74131,200070852
74133,200011773
74134,247400682
74135,247400773
74136,247400617
74137,200066793
74138,200066793
74139,247400047
74140,247400047
74141,247400740
74142,200066793
74143,200023372
74144,247400690
74145,200011773
74146,200071967
74147,247400773
74148,200066793
74150,200067551
74151,247400740
74152,247400567
74153,200011773
74154,200071967
74155,247400682
74156,200067551
74157,200067551
74158,200011773
74159,200033116
74160,247400617
74161,247400740
74162,247400666
74163,200067551
74164,200000172
74165,247400740
74166,200071967
74167,247400773
74168,200070852
74169,200033116
74170,247400740
74171,200067551
74172,200071967
74173,200034882
74174,247400666
74175,200071967
74176,200066793
74177,247400112
74178,200070852
74179,247400567
74180,200067551
74183,200034098
74184,200070852
74185,247400583
74186,200066793
74188,247400682
74189,200033116
74190,200034098
74191,247400682
74192,247400740
74193,247400583
74194,200066793
74195,200070852
74196,200033116
74197,247400583
74198,200066793
74199,200067551
74200,200071967
74201,247400690
74202,247400567
74203,200071967
74205,247400666
74206,200067551
74208,200034882
74209,247400666
74210,200067551
74211,247400583
74212,200000172
74213,200066793
74215,200034882
74216,247400690
74218,200071967
74219,200066793
74220,247400583
74221,200033116
74222,247400682
74223,200034098
74224,247400724
74225,247400740
74226,247400047
74228,247400112
74229,200011773
74231,247400740
74232,200066793
74233,200066793
74234,247400773
74235,200070852
74236,200034882
74237,200071967
74238,247400682
74239,247400617
74240,247400666
74241,247400666
74242,200066793
74243,247400690
74244,247400724
74249,200071967
74250,247400724
74252,200033116
74253,247400724
74254,200066793
74255,247400740
74256,200034882
74257,247400567
74258,200034098
74259,247400112
74260,247400690
74261,247400047
74262,247400583
74263,200067551
74264,200033116
74265,247400617
74266,200023372
74267,200066793
74269,200070852
74271,247400682
74272,247400567
74273,200034098
74275,200066793
74276,200034098
74278,200033116
74279,200071967
74280,247400617
74281,200067551
74282,200066793
74283,247400740
74284,247400666
74285,200070852
74286,200071967
74287,247400682
74288,247400690
74289,247400740
74290,200023372
74291,200070852
74292,247400740
74293,200067551
74294,200034098
74295,247400682
74296,247400690
74297,247400740
74298,200011773
74299,200066793
74301,247400047
74302,247400617
74303,200066793
74304,247400666
74305,200011773
74306,247400112
74307,247400112
74308,200071967
74309,247400690
74310,200066793
74311,247400666
74312,200000172
74313,247400112
74314,247400690
74315,200067551
